gene,canonical_rank,PRISM_K5_StepII,PRISM_K7_StepII,Expression_magnitude,DPT_weighted_mean,GeneTrajectory,GeneTrajectory_EV
T,0,-0.3844573316295107,-0.3724470775866147,0.0512480896586856,0.1931747534010507,22.0,-0.005179433728410737
Tal1,1,-0.2460996326876215,-0.2426002525432976,1.7501782985226697,0.458827720255194,189.0,0.005604419405922576
Lmo2,1,-0.4030105327244006,-0.4249401714778287,7.098930208863984,0.3788945828792497,174.0,0.005635154526543472
Gata1,2,-0.1880693990462382,-0.2064631013367523,2.98604177279674,0.4809616960187141,195.0,0.005625838807672211
Klf1,2,0.0341737155323832,0.0667526204893459,4.071625063678044,0.5876920221773486,201.0,0.0053096337950714065
Hbb-bh1,3,0.3848114106548466,0.3840983072051119,561.8834437086093,0.6998620279333698,202.0,0.005038831928151626
Hba-x,3,0.4930145858251055,0.4929884352329676,343.8329088130413,0.7436995747644836,294.0,0.0043813832818607595
Hbb-y,3,0.4489196990143718,0.4291877340983135,218.10891492613348,0.807155302191005,297.0,0.003118536433861914
