dataset,n_lineage_labels,n_offlineage_labels,pct_sublineage,END,START,MID,TIED,SUBLINEAGE_ONLY,placement_spread
paul15,7,12,46.2,0.7076692506834092,0.781566663148832,0.16971221292604835,0.7144474527506843,0.87414295555458,0.6118544502227837
bonemarrow,3,7,36.8,0.3677831025864821,0.7048302471200233,0.10069956805362068,0.5384040380057323,0.8955725037268576,0.6041306790664026
gastrulation_e75,5,22,26.9,0.14929865394850766,0.6705179965591146,0.09524894482076096,0.5692622321931706,0.8810623526105704,0.5752690517383536
dentategyrus,5,9,79.9,0.08277091420450351,0.7479017568407423,0.7303526247699715,0.08664208473977547,0.5638003760454473,0.6651308426362388
hemogenic_endothelium,2,3,89.8,0.3686281384243715,0.09562124425231433,0.38034537683311487,0.3794280981030036,0.2660842708703994,0.28472413258080054
