gene,canonical_rank,PRISM_K5_StepII,Expression_magnitude,GeneTrajectory,GeneTrajectory_EV
Gata2,0,-0.423631693831323,0.3688644688644689,15.0,-0.005932589112119
Gata1,1,-0.15466513693716946,0.9102564102564102,101.0,-0.0272819744476565
Zfpm1,1,-0.17562949137649414,1.916117216117216,84.0,-0.0234440681212031
Klf1,2,-0.07457548554026087,2.415018315018315,102.0,-0.0276249534332714
Car1,3,-0.2550929713407494,11.74029304029304,68.0,-0.019580982389697
Car2,3,-0.002765197088388897,13.78864468864469,61.0,-0.0183074003178771
Hba-a2,3,0.5923340752556798,0.4659340659340659,92.0,-0.0231792898226154
Hbb-b1,3,0.5867435002296043,0.1901098901098901,82.0,-0.018259673499061
